Time,M_x [gauss],M_y [gauss],M_z [gauss]
5.004509,0.3645,0.012,-0.0105
5.014276,0.3405,0.0135,0.0525
5.024043,0.369,0.0045,-0.012
5.03381,0.3405,0.012,0.0435
5.043577,0.3675,0.009,-0.015
5.053346,0.3315,0.0165,0.033
5.063114,0.3825,0.009,-0.009
5.072882,0.3345,0.0105,0.0345
5.082651,0.3735,0.0225,-0.0015
5.092419,0.3465,0.006,0.03
5.102187,0.378,0.0105,0.006
5.111956,0.3375,0.003,0.0345
5.121724,0.3765,0.021,0.009
5.131492,0.3375,0.003,0.03
5.141261,0.3735,0.0255,0.012
5.151029,0.333,-0.0015,0.0135
5.160797,0.3735,0.0255,0.0165
5.170566,0.33,0.0045,0.0195
5.180334,0.381,0.0225,0.0135
5.190102,0.33,0.0015,0.0135
5.199871,0.3795,0.021,0.0225
5.209639,0.3285,0.003,0.0105
5.219407,0.3765,0.0255,0.021
5.229176,0.3285,-0.003,0.0075
5.238944,0.3765,0.027,0.03
5.248712,0.3465,-0.0045,0.0075
5.258481,0.3765,0.024,0.033
5.268249,0.3375,-0.0105,0.0
5.278017,0.3705,0.0255,0.0345
5.287786,0.3495,-0.0015,-0.006
5.297554,0.3705,0.0285,0.042
5.307322,0.3405,0.006,-0.003
5.317091,0.372,0.0255,0.0375
5.326859,0.3405,-0.009,-0.0015
5.336627,0.369,0.0285,0.0465
5.346396,0.3465,-0.003,-0.0135
5.356164,0.363,0.0195,0.051
5.365932,0.357,0.003,-0.012
5.375701,0.3525,0.0255,0.0495
5.385469,0.3615,-0.0075,-0.0135
5.395237,0.354,0.027,0.0465
5.405006,0.363,-0.006,-0.0105
5.414774,0.3525,0.0195,0.0495
5.424542,0.366,0.0075,-0.012
5.434311,0.3435,0.021,0.0495
5.444079,0.369,0.012,-0.0045
5.453847,0.336,0.021,0.0435
5.463616,0.366,0.0075,-0.0105
5.473384,0.3375,0.006,0.039
5.483152,0.363,0.012,-0.0015
5.492921,0.3435,0.015,0.042
5.502689,0.3705,0.018,-0.0045
5.512457,0.3315,0.009,0.0285
5.522226,0.3765,0.0135,-0.0015
5.531994,0.333,0.0075,0.03
5.541762,0.366,0.0165,0.0015
5.551531,0.336,0.006,0.0285
5.561299,0.3795,0.0195,0.009
5.571067,0.3315,0.003,0.0285
5.580836,0.3735,0.0285,0.0075
5.590604,0.336,0.0045,0.0285
5.600372,0.372,0.0255,0.0135
5.610141,0.3405,-0.003,0.012
5.619909,0.381,0.0315,0.0195
5.629677,0.348,-0.006,0.0105
5.639446,0.381,0.0225,0.0285
5.649214,0.339,-0.0015,0.0045
5.658982,0.369,0.0225,0.0165
5.668751,0.3345,-0.0075,0.0045
5.678519,0.3705,0.03,0.0405
5.688287,0.3435,-0.0045,-0.0015
5.698055,0.369,0.0255,0.0375
5.707824,0.345,-0.006,-0.003
5.717592,0.372,0.021,0.042
5.72736,0.342,-0.006,0.0
5.737129,0.366,0.024,0.0495
5.746897,0.345,-0.003,-0.006
5.756665,0.3645,0.024,0.042
5.766434,0.3435,0.009,-0.0135
5.776202,0.363,0.0195,0.033
5.78597,0.3555,0.0015,-0.009
5.795739,0.357,0.027,0.039
5.805507,0.3495,0.0,-0.0135
5.815275,0.345,0.0255,0.045
5.825044,0.357,0.0,-0.015
5.834812,0.351,0.0195,0.048
5.84458,0.3615,-0.003,-0.012
5.854349,0.351,0.018,0.048
5.864117,0.3615,0.0075,-0.009
5.873885,0.348,0.0105,0.0435
5.883654,0.3645,0.006,-0.009
5.893422,0.3435,0.012,0.045
5.90319,0.369,0.012,-0.0105
5.912959,0.3345,0.003,0.0405
5.922727,0.3705,0.0105,-0.006
5.932495,0.333,0.0075,0.033
5.942264,0.3675,0.0165,-0.0015
5.952032,0.336,0.0105,0.0375
5.9618,0.3765,0.021,0.0045
5.971569,0.33,0.0045,0.033
5.981337,0.372,0.0225,-0.0015
5.991105,0.3345,-0.0015,0.021
6.000874,0.378,0.0255,0.0135
6.010642,0.3315,0.0015,0.021
6.02041,0.375,0.0285,0.009
6.030175,0.3315,-0.006,0.0225
6.039939,0.3765,0.027,0.0135
6.049704,0.3405,0.003,0.0135
6.059468,0.375,0.0285,0.0225
6.069232,0.333,-0.006,0.0075
6.078997,0.3795,0.0225,0.027
6.088761,0.3315,0.0015,0.0075
6.098526,0.375,0.03,0.027
6.10829,0.339,-0.006,-0.006
6.118054,0.363,0.0195,0.03
6.127819,0.339,-0.0135,0.0015
6.137583,0.36,0.0255,0.042
6.147348,0.336,-0.006,-0.0075
6.157112,0.363,0.0195,0.033
6.166876,0.3495,0.003,0.0015
6.176641,0.363,0.027,0.0435
6.186405,0.3435,-0.0045,-0.009
6.19617,0.3585,0.0195,0.0525
6.205934,0.342,0.003,-0.0135
6.215698,0.3555,0.0255,0.0495
6.225463,0.357,-0.0015,-0.012
6.235227,0.357,0.021,0.0405
6.244992,0.3555,0.006,-0.009
6.254756,0.3525,0.024,0.0465
6.26452,0.3675,0.0,-0.0105
6.274285,0.348,0.024,0.0465
6.284049,0.363,0.0075,-0.012
6.293814,0.3435,0.021,0.0465
6.303578,0.366,0.0165,-0.009
6.313343,0.345,0.0165,0.045
6.323107,0.369,0.0045,-0.009
6.332871,0.3405,0.009,0.039
6.342636,0.372,0.012,0.0
6.3524,0.342,0.015,0.0375
6.362165,0.3795,0.015,-0.0015
6.371929,0.333,0.009,0.033
6.381693,0.375,0.018,0.0
6.391458,0.3285,0.0015,0.0345
6.401222,0.369,0.027,0.0015
6.410987,0.336,0.006,0.0285
6.420751,0.3735,0.0285,0.012
6.430515,0.339,0.009,0.0315
6.44028,0.372,0.0195,0.0105
6.450044,0.33,0.003,0.0195
6.459809,0.375,0.0195,0.012
6.469573,0.3375,-0.0015,0.0195
6.479337,0.372,0.0225,0.0195
6.489102,0.336,0.0015,0.012
6.498866,0.3735,0.027,0.0165
6.508631,0.327,0.0,0.006
6.518395,0.3735,0.0195,0.0285
6.528159,0.336,-0.0045,-0.003
6.537924,0.366,0.024,0.0345
6.547688,0.3375,-0.009,0.0
6.557453,0.366,0.0255,0.033
6.567217,0.3495,-0.006,-0.0015
6.576982,0.3675,0.0225,0.036
6.586746,0.3315,-0.0105,-0.0075
6.59651,0.3615,0.0375,0.042
6.606275,0.342,0.0,-0.0105
6.616039,0.366,0.027,0.0405
6.625804,0.3405,0.0015,-0.009
6.635568,0.3555,0.0225,0.0435
6.645332,0.3585,0.0015,-0.006
6.655097,0.3555,0.024,0.045
6.664861,0.354,0.0045,-0.0135
6.674626,0.3495,0.0285,0.042
6.68439,0.3615,-0.0015,-0.0075
6.694154,0.3525,0.018,0.054
6.703919,0.369,0.0045,0.0045
6.713683,0.3465,0.0195,0.054
6.723448,0.3675,0.003,-0.0105
6.733212,0.3495,0.018,0.0375
6.742976,0.3645,0.006,-0.0105
6.752741,0.3405,0.012,0.051
6.762505,0.366,0.009,-0.012
6.77227,0.336,0.0135,0.042
6.782034,0.369,0.012,-0.006
6.791798,0.3405,0.0165,0.042
6.801563,0.378,0.0135,-0.006
6.811327,0.3315,0.0,0.0375
6.821092,0.3705,0.0225,-0.0015
6.830856,0.348,0.009,0.0375
6.84062,0.3885,0.021,0.009
6.850385,0.3285,-0.0015,0.024
6.860149,0.3675,0.0255,0.009
6.869914,0.33,-0.0015,0.024
6.879678,0.372,0.0255,0.0195
6.889443,0.333,0.0015,0.0255
6.899207,0.3675,0.0195,0.0225
6.908971,0.3345,0.0,0.009
6.918736,0.366,0.0315,0.027
6.9285,0.336,-0.0015,0.009
6.938265,0.369,0.027,0.024
6.948029,0.345,-0.003,0.0045
6.957793,0.3765,0.03,0.036
6.967558,0.3465,-0.006,0.006
6.977322,0.366,0.027,0.033
6.987087,0.342,0.0015,-0.0045
6.996851,0.36,0.039,0.0465
7.006619,0.342,-0.003,0.0
7.016387,0.366,0.03,0.0435
7.026155,0.3465,-0.009,-0.009
7.035923,0.3615,0.0315,0.0435
7.045691,0.3495,-0.003,-0.0135
7.055459,0.369,0.018,0.0375
7.065227,0.3465,-0.0045,-0.009
7.074995,0.36,0.0285,0.054
7.084763,0.3525,0.003,-0.009
7.094531,0.3465,0.033,0.0345
7.1043,0.3585,-0.0045,-0.003
7.114068,0.3495,0.0255,0.0465
7.123836,0.3525,0.0045,-0.012
7.133604,0.3495,0.0225,0.048
7.143372,0.36,0.006,-0.009
7.15314,0.3465,0.021,0.042
7.162908,0.3585,0.003,-0.0075
7.172676,0.345,0.0195,0.0345
7.182444,0.3645,0.003,-0.0045
7.192212,0.3315,0.018,0.048
7.20198,0.369,0.006,-0.009
7.211748,0.333,0.012,0.033
7.221516,0.372,0.0135,-0.009
7.231284,0.333,0.006,0.0405
7.241052,0.3645,0.0165,0.0015
7.25082,0.3345,0.003,0.0345
7.260588,0.378,0.012,0.0015
7.270356,0.3285,0.006,0.0315
7.280124,0.3735,0.021,0.0165
7.289892,0.3375,0.0045,0.0255
7.299661,0.369,0.0165,0.006
7.309429,0.3315,0.0045,0.021
7.319197,0.375,0.018,0.018
7.328965,0.3345,0.006,0.021
7.338733,0.366,0.018,0.0195
7.348501,0.3315,-0.006,0.0165
7.358269,0.3825,0.0255,0.03
7.368037,0.3405,-0.012,0.009
7.377805,0.378,0.0315,0.0195
7.387573,0.3405,-0.0015,0.0105
7.397341,0.3615,0.0285,0.0315
7.407109,0.3405,0.0015,-0.0045
7.416877,0.366,0.0255,0.039
7.426645,0.348,-0.0015,0.0
7.436413,0.3675,0.033,0.0345
7.446181,0.3375,-0.003,-0.006
7.455949,0.363,0.027,0.036
7.465717,0.3465,-0.0045,-0.0045
7.475485,0.366,0.0255,0.045
7.485253,0.3495,-0.006,-0.012
7.495022,0.36,0.0225,0.0435
7.50479,0.354,-0.003,-0.009
7.514558,0.345,0.0225,0.0405
7.524326,0.36,-0.0015,-0.0075
7.534094,0.3465,0.0225,0.045
7.543862,0.3555,0.006,-0.0105
7.55363,0.345,0.018,0.0435
7.563398,0.36,0.003,-0.0105
7.573166,0.3465,0.012,0.0405
7.582934,0.363,0.0045,-0.0075
7.592702,0.3435,0.015,0.0405
7.60247,0.372,0.0075,-0.0165
7.612238,0.3375,0.012,0.045
7.622006,0.3645,0.0075,-0.009
7.631774,0.3405,0.012,0.045
7.641542,0.3705,0.0135,0.0015
7.65131,0.336,0.0105,0.033
7.661078,0.375,0.012,0.003
7.670846,0.333,0.0075,0.0345
7.680614,0.375,0.015,0.0075
7.690383,0.3285,-0.0075,0.036
7.700151,0.3675,0.012,0.009
7.709919,0.3345,0.0045,0.03
7.719687,0.3765,0.018,0.0045
7.729455,0.333,0.0015,0.0195
7.739223,0.375,0.024,0.018
7.748991,0.3345,0.0015,0.0255
7.758759,0.375,0.0195,0.0195
7.768527,0.336,0.0,0.0195
7.778295,0.3795,0.027,0.021
7.788063,0.3375,0.003,0.0195
7.797831,0.3735,0.027,0.0345
7.807599,0.3435,-0.0015,0.009
7.817367,0.3675,0.0345,0.0375
7.827135,0.345,0.0015,0.0075
7.836903,0.369,0.0315,0.033
7.846671,0.336,-0.009,0.0075
7.856439,0.3645,0.0255,0.0405
7.866207,0.342,-0.006,0.0015
7.875975,0.357,0.0225,0.0405
7.885744,0.3375,-0.0105,-0.003
7.895512,0.372,0.027,0.039
7.90528,0.342,-0.0045,-0.0015
7.915048,0.366,0.03,0.045
7.924816,0.3555,-0.0045,-0.0075
7.934584,0.354,0.0285,0.0495
7.944352,0.3585,-0.0045,-0.0135
7.95412,0.3555,0.0195,0.0465
7.963888,0.36,0.003,-0.012
7.973656,0.3435,0.018,0.054
7.983423,0.354,0.009,-0.0105
7.993191,0.351,0.018,0.045
8.002958,0.363,-0.003,-0.0105
8.012726,0.354,0.0195,0.048
8.022493,0.3765,0.0015,-0.012
8.032261,0.342,0.012,0.0405
8.042028,0.3675,0.0045,-0.0075
8.051795,0.339,0.0075,0.0465
8.061563,0.366,0.0105,-0.0105
8.07133,0.3345,0.003,0.036
8.081098,0.3795,0.0075,-0.0045
8.090865,0.3405,0.0135,0.036
8.100633,0.3765,0.0135,0.006
8.1104,0.3345,0.0045,0.036
8.120167,0.3765,0.0225,-0.003
8.129935,0.3315,0.012,0.03
8.139702,0.378,0.018,0.0135
8.14947,0.3345,0.0015,0.0255
8.159237,0.3765,0.018,0.012
8.169005,0.333,0.0015,0.015
8.178772,0.3795,0.0255,0.024
8.18854,0.3345,0.003,0.024
8.198307,0.3705,0.0255,0.021
8.208074,0.3285,-0.0045,0.0135
8.217842,0.3765,0.027,0.0225
8.227609,0.3315,-0.0075,0.0135
8.237377,0.3675,0.0315,0.03
8.247144,0.3345,-0.0075,0.003
8.256912,0.366,0.021,0.0285
8.266679,0.3405,-0.0045,0.0045
8.276446,0.366,0.0255,0.0375
8.286214,0.3435,-0.0015,0.0
8.295981,0.36,0.0255,0.0435
8.305749,0.339,-0.0015,0.0015
8.315516,0.369,0.0285,0.042
8.325284,0.348,-0.0015,-0.006
8.335051,0.3615,0.0255,0.051
8.344818,0.342,-0.003,-0.003
8.354586,0.3615,0.03,0.048
8.364353,0.354,-0.0135,-0.0105
8.374121,0.348,0.0195,0.048
8.383888,0.354,0.0,-0.012
8.393656,0.348,0.0255,0.045
8.403423,0.36,0.0,-0.006
8.41319,0.3465,0.027,0.0435
8.422958,0.354,0.0,-0.0165
8.432725,0.342,0.0195,0.045
8.442493,0.3585,0.0045,-0.0135
8.45226,0.348,0.018,0.0435
8.462028,0.3675,0.003,-0.0075
8.471795,0.3375,0.0135,0.042
8.481562,0.369,0.0135,-0.0015
8.49133,0.336,0.012,0.042
8.501097,0.3675,0.018,-0.0075
8.510865,0.3345,0.0135,0.042
8.520632,0.3705,0.0165,-0.006
8.5304,0.3315,0.009,0.036
8.540167,0.378,0.0135,-0.0045
8.549935,0.3345,0.0075,0.036
8.559702,0.3765,0.015,0.0015
8.569469,0.339,-0.0015,0.024
8.579237,0.381,0.018,0.0165
8.589004,0.33,-0.003,0.03
8.598772,0.378,0.024,0.012
8.608539,0.327,0.0,0.0225
8.618307,0.375,0.0285,0.0165
8.628074,0.3315,-0.0045,0.021
8.637841,0.378,0.0195,0.015
8.647609,0.3345,-0.006,0.009
8.657376,0.366,0.0225,0.027
8.667144,0.3345,-0.003,0.0075
8.676911,0.3735,0.027,0.018
8.686679,0.342,-0.003,0.009
8.696446,0.363,0.0285,0.036
8.706213,0.342,0.0,0.006
8.715981,0.3705,0.0255,0.039
8.725748,0.336,-0.009,-0.0015
8.735516,0.369,0.0285,0.042
8.745283,0.3525,-0.009,0.0
8.755051,0.3645,0.0285,0.036
8.764818,0.3375,-0.0045,-0.012
8.774585,0.3555,0.024,0.0495
8.784353,0.3525,-0.003,-0.003
8.79412,0.354,0.021,0.0435
8.803888,0.3555,0.0015,-0.015
8.813655,0.3435,0.03,0.0615
8.823423,0.3615,0.0,-0.0135
8.83319,0.3525,0.0225,0.048
8.842957,0.3615,0.006,-0.012
8.852725,0.345,0.015,0.057
8.862492,0.366,0.0045,-0.009
8.87226,0.3465,0.021,0.0495
8.882027,0.363,0.003,-0.012
8.891795,0.3435,0.0135,0.0495
8.901562,0.3705,0.006,-0.006
8.91133,0.3375,0.0165,0.0405
8.921097,0.3735,0.006,-0.006
8.930864,0.336,0.0105,0.045
8.940632,0.372,0.003,-0.006
8.950399,0.339,0.012,0.033
8.960164,0.3765,0.012,0.003
8.969928,0.336,0.0105,0.0405
8.979692,0.3735,0.0135,-0.003
8.989456,0.3345,0.0045,0.033
8.999221,0.3735,0.0165,0.0075
9.008985,0.3315,0.0,0.027
9.018749,0.381,0.021,0.0135
9.028514,0.339,0.006,0.024
9.038278,0.3795,0.024,0.0105
9.048042,0.33,-0.0045,0.0135
9.057807,0.3765,0.027,0.0135
9.067571,0.336,-0.0015,0.0135
9.077335,0.3675,0.024,0.0195
9.087099,0.336,-0.003,0.015
9.096864,0.372,0.0225,0.0285
9.106628,0.3375,-0.0015,0.0105
9.116392,0.3675,0.0225,0.036
9.126157,0.3375,-0.0105,0.003
9.135921,0.369,0.027,0.0405
9.145685,0.3405,-0.0045,0.0075
9.15545,0.3645,0.033,0.039
9.165214,0.3435,-0.0075,-0.012
9.174978,0.366,0.024,0.039
9.184743,0.339,-0.0075,-0.012
9.194507,0.3585,0.033,0.039
9.204271,0.348,-0.0105,-0.0075
9.214035,0.348,0.0165,0.042
9.2238,0.354,-0.0075,-0.012
9.233564,0.3555,0.0255,0.0435
9.243328,0.354,-0.006,-0.006
9.253093,0.342,0.021,0.042
9.262857,0.3615,0.006,-0.0105
9.272621,0.351,0.015,0.039
9.282386,0.3675,-0.009,-0.012
9.29215,0.3465,0.0255,0.048
9.301914,0.375,0.0,-0.003
9.311678,0.3495,0.012,0.036
9.321443,0.36,0.006,0.0
9.331207,0.3345,0.0105,0.0495
9.340971,0.3705,0.0135,-0.0075
9.350736,0.3255,0.0135,0.0405
9.3605,0.372,0.0075,-0.0045
9.370264,0.3375,0.0135,0.039
9.380029,0.3765,0.0075,0.0045
9.389793,0.3345,0.009,0.0375
9.399557,0.3645,0.0165,0.0045
9.409321,0.342,-0.0045,0.0345
9.419086,0.3705,0.018,0.009
9.42885,0.3315,0.0015,0.027
9.438614,0.381,0.018,0.006
9.448379,0.339,0.003,0.024
9.458143,0.378,0.015,0.0045
9.467907,0.339,0.0015,0.0225
9.477672,0.378,0.0285,0.0195
9.487436,0.3345,0.0015,0.0135
9.4972,0.381,0.0285,0.033
9.506965,0.3435,0.0,0.009
9.516729,0.3675,0.03,0.024
9.526493,0.3315,0.0015,0.006
9.536257,0.375,0.027,0.039
9.546022,0.339,-0.009,0.0045
9.555786,0.3705,0.03,0.039
9.56555,0.339,-0.0075,0.003
9.575315,0.3705,0.024,0.045
9.585079,0.3465,-0.009,-0.006
9.594843,0.3645,0.0285,0.042
9.604608,0.345,-0.0045,-0.003
9.614372,0.3795,0.0225,0.0465
9.624136,0.3435,-0.0075,0.0015
9.6339,0.3615,0.0225,0.0465
9.643665,0.357,-0.0105,-0.0075
9.653429,0.351,0.024,0.0435
9.663193,0.36,0.0045,-0.015
9.672958,0.3525,0.0195,0.0465
9.682722,0.354,0.0,-0.0135
9.692486,0.3465,0.027,0.051
9.702251,0.3615,0.0015,-0.0105
9.712015,0.342,0.018,0.042
9.721779,0.3615,0.003,-0.003
9.731543,0.336,0.018,0.0465
9.741308,0.3675,0.006,-0.012
9.751072,0.3435,0.021,0.042
9.760836,0.3645,0.0075,0.0
9.770601,0.3345,0.0135,0.0465
9.780365,0.3675,0.0165,-0.003
9.790129,0.3285,0.0075,0.048
9.799894,0.366,0.0135,-0.006
9.809658,0.3345,0.0105,0.0435
9.819422,0.3705,0.0195,-0.0015
9.829187,0.336,0.0105,0.036
9.838951,0.3675,0.018,-0.0015
9.848715,0.333,-0.0045,0.0285
9.858479,0.3735,0.015,0.0105
9.868244,0.339,-0.003,0.0225
9.878008,0.3735,0.027,0.0135
9.887772,0.3345,-0.003,0.021
9.897537,0.3765,0.027,0.0105
9.907301,0.3375,-0.009,0.0195
9.917065,0.375,0.0255,0.021
9.92683,0.327,0.0045,0.021
9.936596,0.3765,0.027,0.0225
9.946363,0.3375,0.0,0.009
9.95613,0.3765,0.027,0.0315
9.965897,0.3315,-0.009,0.006
9.975664,0.3585,0.024,0.0345
9.985431,0.3375,-0.0045,-0.0045
9.995197,0.363,0.027,0.033
10.004964,0.33,-0.006,0.006
10.014731,0.3705,0.0405,0.0465
10.024498,0.3315,-0.0075,-0.006
10.034265,0.3705,0.027,0.0315
10.044031,0.351,-0.0015,-0.0075
10.053798,0.3645,0.0255,0.0405
10.063565,0.345,-0.009,-0.006
10.073332,0.3525,0.033,0.0435
10.083099,0.3465,-0.0075,-0.0105
10.092866,0.351,0.018,0.048
10.102632,0.3525,0.0,-0.015
10.112399,0.351,0.0225,0.0495
10.122166,0.363,0.0075,-0.0105
10.131933,0.348,0.024,0.054
10.1417,0.3585,0.006,-0.0135
10.151467,0.342,0.018,0.051
10.161233,0.369,0.003,-0.015
10.171,0.342,0.0135,0.0525
10.180767,0.3705,0.0045,-0.009
10.190534,0.3405,0.015,0.0555
10.200301,0.369,0.0135,-0.009
10.210068,0.3435,0.015,0.045
10.219834,0.3705,0.012,-0.003
10.229601,0.3375,0.0135,0.0405
10.239368,0.366,0.018,0.009
10.249135,0.339,0.0,0.039
10.258902,0.372,0.018,0.003
10.268669,0.339,0.003,0.0345
10.278435,0.3675,0.0225,0.009
10.288202,0.3345,0.0075,0.036
10.297969,0.372,0.0255,0.0105
10.307736,0.336,0.0105,0.0225
10.317503,0.378,0.0195,0.0105
10.32727,0.3345,0.0015,0.024
10.337036,0.372,0.0225,0.015
10.346803,0.333,-0.006,0.006
10.35657,0.366,0.024,0.021
10.366337,0.3345,0.0,0.024
10.376104,0.3705,0.027,0.027
10.385871,0.339,-0.0105,0.0135
10.395637,0.369,0.027,0.0315
10.405404,0.339,-0.003,0.0015
10.415171,0.372,0.0195,0.0345
10.424938,0.339,-0.006,-0.003
10.434705,0.366,0.036,0.042
10.444471,0.3465,-0.003,-0.0015
10.454238,0.378,0.0285,0.033
10.464005,0.342,-0.0075,-0.003
10.473772,0.3705,0.0315,0.0435
10.483539,0.351,-0.003,-0.006
10.493306,0.351,0.0285,0.0525
10.503072,0.3495,-0.0105,-0.009
10.512839,0.348,0.018,0.051
10.522606,0.357,-0.006,-0.009
10.532373,0.348,0.0225,0.054
10.54214,0.363,0.0,-0.012
10.551907,0.354,0.024,0.039
10.561673,0.36,0.0,-0.0075
10.57144,0.3465,0.021,0.045
10.581207,0.363,-0.006,-0.012
10.590974,0.348,0.015,0.045
10.600741,0.3675,0.006,-0.0105
10.610508,0.339,0.009,0.0465
10.620274,0.3705,0.006,-0.006
10.630041,0.333,0.003,0.0405
10.639808,0.378,0.012,-0.006
10.649575,0.345,0.006,0.0345
10.659342,0.3735,0.012,-0.006
10.669109,0.339,0.0135,0.033
10.678875,0.387,0.0195,0.003
10.688642,0.3285,0.006,0.03
10.698409,0.3675,0.009,0.0075
10.708176,0.3345,0.0015,0.0285
10.717943,0.372,0.018,0.012
10.72771,0.3345,0.0045,0.0255
10.737476,0.375,0.0195,0.0135
10.747243,0.3255,-0.0045,0.0165
10.75701,0.375,0.021,0.024
10.766777,0.33,0.0,0.018
10.776544,0.381,0.03,0.0225
10.78631,0.33,-0.0075,0.012
10.796077,0.3675,0.0255,0.033
10.805844,0.3345,-0.003,0.012
10.815611,0.375,0.0285,0.0315
10.825378,0.339,-0.012,-0.0015
10.835145,0.378,0.0255,0.036
10.844911,0.339,0.0015,0.0
10.854678,0.36,0.033,0.03
10.864445,0.3375,-0.009,-0.003
10.874212,0.369,0.024,0.0405
10.883979,0.333,-0.003,-0.006
10.893746,0.369,0.027,0.0405
10.903512,0.3465,-0.003,-0.0045
10.913279,0.36,0.018,0.0435
10.923046,0.357,0.003,-0.009
10.932813,0.3555,0.03,0.0465
10.94258,0.3495,-0.0075,-0.0075
10.952347,0.357,0.024,0.0465
10.962114,0.3585,-0.003,-0.0135
10.971881,0.3405,0.024,0.051
10.981648,0.366,0.009,-0.006
10.991415,0.351,0.018,0.0435
11.001182,0.3645,0.0015,-0.0105
11.010948,0.3405,0.021,0.0465
11.020715,0.3705,0.006,-0.0135
11.030482,0.3405,0.021,0.048
11.040249,0.3705,0.0105,-0.009
11.050016,0.3405,0.009,0.039
11.059783,0.366,0.015,-0.003
11.06955,0.3345,0.0165,0.045
11.079317,0.3765,0.012,-0.003
11.089084,0.333,0.0165,0.033
11.098851,0.375,0.012,-0.0075
11.108618,0.33,0.009,0.03
11.118385,0.3645,0.015,0.0075
11.128151,0.3315,0.0105,0.027
11.137918,0.3795,0.0195,0.003
11.147685,0.339,0.006,0.03
11.157452,0.372,0.0255,0.009
11.167219,0.336,0.006,0.0195
11.176986,0.3705,0.024,0.0105
11.186753,0.3405,-0.0015,0.0195
11.19652,0.372,0.0285,0.021
11.206287,0.3315,-0.0045,0.018
11.216054,0.3765,0.0225,0.0285
11.225821,0.33,-0.003,0.006
11.235588,0.3615,0.03,0.03
11.245354,0.339,0.0,0.009
11.255121,0.3675,0.0315,0.0315
11.264888,0.3375,0.0,0.012
11.274655,0.3675,0.0315,0.0315
11.284422,0.336,0.0,-0.0015
11.294189,0.372,0.033,0.042
11.303956,0.3315,-0.0045,0.003
11.313723,0.3615,0.024,0.039
11.32349,0.339,-0.0015,-0.0075
11.333257,0.369,0.0285,0.0465
11.343024,0.351,-0.0015,-0.006
11.35279,0.354,0.0345,0.039
11.362557,0.3555,-0.0045,-0.0165
11.372324,0.3585,0.0285,0.045
11.382091,0.3555,0.0,-0.0045
11.391858,0.3495,0.0345,0.0435
11.401625,0.357,0.006,-0.009
11.411392,0.351,0.0195,0.0495
11.421159,0.3615,-0.003,-0.015
11.430926,0.3495,0.0225,0.0495
11.440693,0.3525,0.009,-0.0135
11.45046,0.3465,0.012,0.051
11.460227,0.3615,-0.0045,-0.012
11.469993,0.333,0.018,0.051
11.47976,0.3675,0.006,-0.009
11.489527,0.339,0.015,0.039
11.499294,0.363,0.0045,-0.009
11.509061,0.336,0.0045,0.042
11.518828,0.3735,0.015,0.0075
11.528595,0.3375,0.012,0.0315
11.538362,0.372,0.018,0.0
11.548129,0.3345,0.006,0.033
11.557896,0.3735,0.0225,0.009
11.567663,0.339,0.003,0.033
11.57743,0.375,0.018,0.0045
11.587196,0.3315,0.0045,0.03
11.596963,0.3735,0.018,0.009
11.60673,0.333,-0.0015,0.018
11.616497,0.375,0.0225,0.0165
11.626264,0.3255,0.003,0.021
11.636031,0.378,0.0255,0.021
11.645798,0.336,-0.006,0.0075
11.655565,0.3705,0.027,0.0255
11.665332,0.327,-0.0075,-0.0015
11.675099,0.3705,0.0285,0.0345
11.684866,0.3375,-0.003,0.012
11.694632,0.375,0.0315,0.0405
11.704399,0.342,-0.012,0.0015
11.714166,0.366,0.0285,0.036
11.723933,0.3375,-0.009,-0.0015
11.7337,0.3615,0.03,0.0465
11.743467,0.339,-0.0045,-0.006
11.753234,0.3615,0.0255,0.0345
11.763001,0.3405,0.0,-0.003
11.772768,0.36,0.027,0.0435
11.782535,0.3465,-0.006,-0.0075
11.792302,0.357,0.027,0.0495
11.802069,0.351,-0.0015,-0.006
11.811835,0.3585,0.021,0.051
11.821602,0.3585,0.0045,-0.0075
11.831369,0.351,0.0255,0.051
11.841136,0.354,-0.0015,-0.0105
11.850903,0.3525,0.0195,0.0465
11.86067,0.3615,0.006,-0.012
11.870437,0.345,0.021,0.045
11.880204,0.3585,0.0075,-0.006
11.889973,0.3375,0.0195,0.039
11.899743,0.3585,0.0015,-0.0075
11.909512,0.3405,0.0165,0.0435
11.919282,0.366,0.0075,-0.0045
11.929051,0.336,0.012,0.0375
11.938821,0.3735,0.009,-0.006
11.94859,0.3285,0.012,0.039
11.958359,0.3675,0.015,-0.006
11.968129,0.3375,0.009,0.033
11.977898,0.3735,0.0135,0.0045
11.987668,0.327,0.0075,0.0345
11.997437,0.3735,0.012,0.0015
12.007207,0.336,-0.0015,0.0255
12.016976,0.375,0.018,0.009
12.026746,0.3285,0.0045,0.027
12.036515,0.3675,0.0225,0.0075
12.046285,0.33,0.0015,0.0195
12.056054,0.372,0.024,0.018
12.065823,0.336,-0.0045,0.015
12.075593,0.378,0.0195,0.018
12.085362,0.336,0.0045,0.009
12.095132,0.3765,0.024,0.0255
12.104901,0.3405,-0.009,0.0075
12.114671,0.369,0.027,0.03
12.12444,0.336,-0.0045,0.0045
12.13421,0.372,0.027,0.039
12.143979,0.339,0.0,0.0
12.153748,0.363,0.03,0.0435
12.163518,0.3345,-0.012,-0.0045
12.173287,0.372,0.027,0.039
12.183057,0.345,-0.0105,-0.0105
12.192826,0.3615,0.027,0.048
12.202596,0.351,-0.003,-0.0075
12.212365,0.3555,0.021,0.0495
12.222135,0.342,0.0,-0.0045
12.231904,0.354,0.021,0.051
12.241674,0.351,-0.003,0.0
12.251443,0.354,0.0255,0.0585
12.261212,0.3645,0.003,-0.0105
12.270982,0.3525,0.0195,0.054
12.280751,0.369,-0.0045,-0.0135
12.290521,0.348,0.024,0.042
12.30029,0.369,0.006,-0.0045
12.31006,0.348,0.0225,0.0435
12.319829,0.3585,0.0045,-0.012
12.329599,0.3495,0.0165,0.0435
12.339368,0.372,0.0075,-0.0015
12.349138,0.336,0.009,0.0495
12.358907,0.3705,0.0045,-0.0105
12.368676,0.339,0.012,0.042
12.378446,0.3705,0.0015,-0.003
12.388215,0.3375,0.006,0.042
12.397985,0.3795,0.0195,-0.0015
12.407754,0.339,0.009,0.0345
12.417524,0.372,0.0165,0.009
12.427293,0.339,0.009,0.036
12.437063,0.363,0.021,0.006
12.446832,0.333,-0.0015,0.024
12.456601,0.3765,0.015,0.012
12.466371,0.3285,-0.0015,0.0315
12.47614,0.3705,0.021,0.0135
12.48591,0.333,-0.003,0.0225
12.495679,0.369,0.0255,0.021
12.505449,0.336,0.0015,0.018
12.515218,0.3735,0.021,0.033
12.524988,0.339,-0.0165,0.0105
12.534757,0.3735,0.03,0.027
12.544527,0.33,-0.0075,0.0045
12.554296,0.3735,0.0285,0.033
12.564065,0.3375,-0.009,-0.006
12.573835,0.3675,0.0285,0.039
12.583604,0.3345,-0.009,0.0045
12.593374,0.3735,0.0255,0.0435
12.603143,0.339,-0.0015,-0.0015
12.612913,0.3675,0.0255,0.0405
12.622682,0.3405,-0.012,-0.003
12.632452,0.363,0.0315,0.051
12.642221,0.3525,-0.0045,-0.0075
12.651991,0.3585,0.033,0.048
12.66176,0.3435,-0.0045,-0.0045
12.671529,0.354,0.0285,0.057
12.681299,0.354,-0.006,-0.003
12.691068,0.3585,0.027,0.045
12.700838,0.3555,0.0,-0.0135
12.710607,0.3435,0.0195,0.051
12.720377,0.3585,0.0105,-0.006
12.730146,0.342,0.0195,0.0465
12.739916,0.3615,-0.0015,-0.0075
12.749685,0.3435,0.0135,0.0525
12.759454,0.3705,0.006,-0.012
12.769224,0.336,0.0195,0.048
12.778993,0.372,0.009,-0.003
12.788763,0.3345,0.015,0.036
12.798532,0.3675,0.0105,-0.003
12.808302,0.336,0.015,0.042
12.818071,0.3765,0.0135,0.0
12.827841,0.3345,0.0135,0.042
12.83761,0.375,0.018,0.006
12.84738,0.3315,0.0075,0.0375
12.857149,0.372,0.018,0.006
12.866918,0.3285,-0.0015,0.03
12.876687,0.3705,0.0165,0.0105
12.886456,0.3375,0.0045,0.024
12.896224,0.372,0.024,0.012
12.905993,0.333,0.0,0.0225
12.915762,0.369,0.0225,0.018
12.925531,0.3375,-0.006,0.018
12.9353,0.3705,0.0255,0.0195
12.945069,0.327,0.0,0.015
12.954837,0.3705,0.024,0.0285
12.964606,0.3345,-0.009,0.0135
12.974375,0.3735,0.027,0.0285
12.984144,0.345,-0.009,0.0075
12.993913,0.3675,0.0225,0.0405
13.003682,0.3465,-0.003,0.006
13.013451,0.3645,0.021,0.033
13.023219,0.3345,-0.012,-0.0045
13.032988,0.3585,0.033,0.039
13.042757,0.3495,-0.0045,0.0
13.052526,0.363,0.033,0.036
13.062295,0.3465,0.003,-0.006
13.072064,0.351,0.021,0.0495
13.081833,0.3495,-0.0075,-0.021
13.091601,0.3525,0.0255,0.045
13.10137,0.357,0.0,-0.009
13.111139,0.351,0.021,0.0465
13.120908,0.354,-0.0015,-0.009
13.130677,0.3465,0.0225,0.048
13.140446,0.3555,0.0,-0.0135
13.150214,0.345,0.0135,0.051
13.159983,0.366,0.0015,-0.0075
13.169752,0.3495,0.0165,0.045
13.179521,0.3615,0.0135,-0.015
13.18929,0.3435,0.015,0.048
13.199059,0.366,0.0045,-0.0105
13.208828,0.339,0.021,0.045
13.218596,0.366,0.006,-0.0105
13.228365,0.342,0.009,0.042
13.238134,0.3735,0.0165,0.0015
13.247903,0.33,0.0165,0.0345
13.257672,0.375,0.0135,-0.0015
13.267441,0.3255,0.015,0.045
13.27721,0.381,0.0165,0.0045
13.286978,0.3405,0.006,0.0345
13.296747,0.3735,0.0225,0.003
13.306516,0.3375,0.003,0.0285
13.316285,0.372,0.024,0.006
13.326054,0.342,0.0,0.03
13.335823,0.375,0.027,0.012
13.345591,0.3405,-0.0015,0.03
13.35536,0.366,0.027,0.0225
13.365129,0.339,0.0,0.0195
13.374898,0.378,0.03,0.0255
13.384667,0.336,-0.006,0.0225
13.394436,0.369,0.018,0.0195
13.404205,0.333,-0.009,0.0105
13.413973,0.372,0.0225,0.0255
13.423742,0.342,-0.009,0.0075
13.433511,0.3675,0.027,0.036
13.44328,0.342,-0.0045,-0.003
13.453049,0.3705,0.0225,0.033
13.462818,0.342,-0.0075,-0.0075
13.472587,0.3735,0.03,0.0405
13.482355,0.3435,-0.003,-0.0045
13.492124,0.3645,0.024,0.042
13.501893,0.348,-0.0075,-0.009
13.511662,0.3645,0.03,0.0465
13.521431,0.3495,0.0,-0.0045
13.5312,0.354,0.03,0.0495
13.540968,0.348,-0.0045,-0.009
13.550737,0.3465,0.0225,0.0465
13.560506,0.3525,0.0015,-0.0075
13.570275,0.354,0.024,0.0495
13.580044,0.363,0.0,-0.0075
13.589813,0.342,0.0225,0.0495
13.599582,0.3615,0.0,-0.009
13.60935,0.3345,0.021,0.048
13.619119,0.363,0.0105,-0.0075
13.628888,0.3435,0.0225,0.0465
13.638657,0.3585,0.0105,-0.006
13.648426,0.339,0.012,0.0465
13.658195,0.3675,0.0105,-0.006
13.667964,0.333,0.012,0.0465
13.677732,0.366,0.018,-0.009
13.687501,0.333,0.006,0.042
13.69727,0.372,0.0165,0.003
13.707039,0.3375,0.0105,0.033
13.716808,0.372,0.018,0.0015
13.726577,0.333,0.006,0.039
13.736345,0.372,0.012,0.0045
13.746114,0.333,0.0105,0.036
13.755883,0.3735,0.0165,0.0105
13.765652,0.3285,-0.003,0.0285
13.775421,0.372,0.0225,0.0225
13.78519,0.333,0.009,0.0255
13.794959,0.375,0.024,0.0195
13.804727,0.327,-0.0015,0.0075
13.814496,0.375,0.0255,0.0255
13.824265,0.3345,-0.0105,0.0165
13.834034,0.369,0.033,0.0285
13.843803,0.336,-0.006,0.0105
13.853573,0.372,0.0225,0.0345
13.863342,0.3285,-0.009,0.006
13.873112,0.378,0.0315,0.0375
13.882881,0.3375,-0.003,-0.006
13.892651,0.369,0.033,0.0435
13.90242,0.3405,-0.009,0.003
13.91219,0.3675,0.0225,0.0435
13.921959,0.3375,-0.012,0.0015
13.931728,0.363,0.0285,0.0465
13.941498,0.3495,0.0045,-0.003
13.951267,0.3615,0.03,0.0435
13.961037,0.348,-0.0075,-0.006
13.970806,0.354,0.024,0.045
13.980576,0.354,0.0015,-0.0045
13.990345,0.3555,0.021,0.042
14.000114,0.36,0.0045,-0.012
14.009884,0.357,0.0225,0.048
14.019653,0.363,0.006,-0.0075
14.029423,0.354,0.0195,0.0555
14.039192,0.3675,0.0075,-0.009
14.048962,0.342,0.0135,0.045
14.058731,0.36,0.012,-0.006
14.068501,0.3345,0.0165,0.0405
14.07827,0.372,0.009,-0.003
14.088039,0.3465,0.0195,0.051
14.097809,0.3645,0.0045,-0.003
14.107578,0.3315,0.006,0.0435
14.117348,0.375,0.015,-0.0045
14.127117,0.3405,0.006,0.0465
14.136887,0.381,0.0105,0.0045
14.146656,0.3255,0.0135,0.0375
14.156425,0.372,0.0105,0.0075
14.166195,0.3345,0.0075,0.0315
14.175964,0.3705,0.021,0.0135
14.185734,0.3315,0.0015,0.033
14.195503,0.3765,0.0165,0.012
14.205273,0.3315,-0.003,0.0285
14.215042,0.378,0.018,0.0165
14.224812,0.3285,0.0015,0.027
14.234581,0.3765,0.018,0.0225
14.24435,0.3315,-0.006,0.0165
14.25412,0.3705,0.027,0.0315
14.263889,0.333,-0.0045,0.015
14.273659,0.3705,0.021,0.03
14.283428,0.3345,0.0075,0.015
14.293198,0.366,0.0345,0.039
14.302967,0.3315,-0.006,0.0075
14.312737,0.375,0.03,0.036
14.322506,0.3255,0.0015,0.0015
14.332275,0.372,0.033,0.0375
14.342045,0.345,0.0,-0.0015
14.351814,0.3705,0.021,0.048
14.361584,0.3525,-0.0015,-0.0015
14.371353,0.3585,0.0225,0.0465
14.381123,0.3495,0.0015,-0.006
14.390892,0.3585,0.0255,0.0495
14.400661,0.351,0.0,-0.0045
14.410431,0.3615,0.018,0.054
14.4202,0.351,-0.0015,-0.003
14.42997,0.3525,0.0255,0.0585
14.439739,0.363,-0.003,-0.009
14.449509,0.3465,0.0135,0.045
14.459278,0.3615,0.006,-0.0105
14.469048,0.348,0.012,0.054
14.478817,0.3645,0.0075,-0.0105
14.488586,0.3495,0.0165,0.051
14.498356,0.3705,0.006,-0.012
14.508125,0.3405,0.015,0.0495
14.517895,0.369,0.012,-0.015
14.527664,0.3375,0.009,0.0405
14.537434,0.3675,0.003,-0.009
14.547203,0.3405,0.0135,0.042
14.556973,0.3705,0.012,-0.009
14.566742,0.3285,0.006,0.042
14.576511,0.3735,0.0105,0.0015
14.586281,0.3375,0.003,0.039
14.59605,0.372,0.024,-0.0015
14.60582,0.333,0.012,0.0345
14.615589,0.375,0.0225,0.0105
14.625359,0.333,0.0015,0.0285
14.635128,0.372,0.015,0.0135
14.644897,0.33,0.0,0.021
14.654667,0.3705,0.027,0.012
14.664436,0.33,0.0045,0.0195
14.674206,0.3825,0.024,0.018
14.683975,0.3315,-0.0045,0.0105
14.693745,0.3765,0.0255,0.027
14.703514,0.3345,-0.0045,0.006
14.713284,0.3765,0.024,0.03
14.723053,0.33,-0.006,0.012
14.732822,0.381,0.033,0.033
14.742592,0.342,-0.0075,0.0045
14.752361,0.3735,0.024,0.0405
14.762131,0.3375,-0.012,-0.0015
14.7719,0.3645,0.0315,0.042
14.78167,0.342,0.003,0.003
14.791439,0.369,0.0195,0.039
14.801209,0.3465,0.0,-0.009
14.810978,0.36,0.021,0.0495
14.820747,0.3405,-0.0015,0.0045
14.830515,0.351,0.027,0.0465
14.840284,0.3495,-0.0045,-0.0105
14.850052,0.351,0.0315,0.0525
14.859821,0.3525,0.0105,0.0015
14.86959,0.354,0.0255,0.042
14.879358,0.36,0.0045,-0.0045
14.889127,0.351,0.0165,0.048
14.898895,0.363,0.006,-0.009
14.908664,0.3525,0.006,0.0525
14.918433,0.369,0.0135,-0.0105
14.928201,0.3465,0.027,0.0495
14.93797,0.3645,0.003,-0.0015
14.947739,0.348,0.0075,0.0495
14.957507,0.3675,0.0105,-0.006
14.967276,0.336,0.0165,0.045
14.977044,0.3735,0.0135,0.003
14.986813,0.339,0.015,0.036
14.996582,0.363,0.012,0.0015
15.00635,0.333,-0.0015,0.0495
15.016119,0.3705,0.0135,0.0015
15.025887,0.3345,0.006,0.0345
15.035656,0.375,0.0165,0.009
15.045425,0.3345,0.006,0.036
15.055193,0.3765,0.021,0.0195
15.064962,0.3315,0.0,0.021
15.07473,0.375,0.0195,0.0105
15.084499,0.327,-0.0045,0.021
15.094268,0.3765,0.024,0.0225
15.104036,0.339,0.003,0.0195
15.113805,0.3855,0.027,0.0225
15.123574,0.336,-0.0045,0.0135
15.133342,0.3705,0.0225,0.0225
15.143111,0.3315,0.0015,0.0045
15.152879,0.369,0.0195,0.027
15.162648,0.33,0.0015,0.0075
15.172417,0.378,0.03,0.0345
15.182185,0.333,-0.003,-0.003
15.191954,0.375,0.021,0.0345
15.201722,0.339,-0.0075,0.003
15.211491,0.3645,0.024,0.042
15.22126,0.348,-0.003,-0.009
15.231028,0.3585,0.0345,0.042
15.240797,0.3495,0.0015,-0.0015
15.250566,0.3585,0.027,0.0465
15.260334,0.345,-0.003,-0.003
15.270103,0.354,0.021,0.0465
15.279871,0.3525,0.0015,-0.0105
15.28964,0.357,0.0225,0.0525
15.299409,0.357,0.003,-0.0045
15.309177,0.3465,0.0195,0.0495
15.318946,0.3555,-0.003,-0.0045
15.328714,0.348,0.021,0.0465
15.338483,0.3675,0.0075,-0.0075
15.348252,0.3465,0.018,0.0525
15.35802,0.366,0.003,-0.0015
15.367789,0.339,0.0105,0.06
15.377557,0.36,0.009,0.0
15.387326,0.3435,0.018,0.0495
15.397095,0.3735,0.009,-0.0075
15.406863,0.333,0.015,0.045
15.416632,0.372,0.0165,-0.0045
15.426401,0.333,0.0075,0.0405
15.436169,0.3735,0.012,0.0015
15.445938,0.33,0.0105,0.0375
15.455706,0.3675,0.0135,0.003
15.465475,0.33,0.0045,0.0285
15.475244,0.375,0.0135,0.003
15.485012,0.333,-0.0015,0.0285
15.494781,0.3705,0.0165,0.015
15.504549,0.333,-0.003,0.024
15.514318,0.378,0.0165,0.015
15.524087,0.327,0.0015,0.0165
15.533855,0.3795,0.027,0.0225
15.543624,0.3285,-0.0015,0.0135
15.553392,0.3795,0.027,0.024
15.563161,0.333,-0.006,0.0105
15.57293,0.375,0.027,0.024
15.582698,0.339,0.0,0.0105
15.592467,0.375,0.024,0.03
15.602236,0.327,-0.003,0.015
15.612004,0.3705,0.0225,0.0345
15.621773,0.3255,-0.0135,0.0
15.631541,0.375,0.024,0.039
15.64131,0.3405,0.0,-0.0045
15.651079,0.366,0.0345,0.0405
15.660847,0.345,-0.0015,-0.003
15.670616,0.3555,0.033,0.045
15.680384,0.3525,-0.0045,-0.0045
15.690153,0.345,0.0255,0.0435
15.699922,0.3555,0.0,-0.0045
15.70969,0.351,0.0225,0.051
15.719459,0.3495,0.0,-0.006
15.729228,0.351,0.0195,0.0495
15.738996,0.357,-0.006,-0.009
15.748765,0.351,0.03,0.048
15.758533,0.363,0.006,-0.006
15.768302,0.33,0.018,0.057
15.778071,0.363,0.0045,-0.012
15.787839,0.3495,0.012,0.0525
15.797611,0.3645,0.0015,-0.009
15.807383,0.345,0.0105,0.0495
15.817155,0.3705,0.0105,-0.012
15.826927,0.3375,0.024,0.0495
15.836699,0.366,0.009,-0.003
15.846471,0.3375,0.015,0.048
15.856244,0.3705,0.0075,-0.003
15.866016,0.336,0.009,0.039
15.875788,0.372,0.009,0.0
15.88556,0.3315,0.0075,0.045
15.895332,0.372,0.0195,0.0
15.905104,0.336,0.009,0.033
15.914876,0.3765,0.0195,0.0045
15.924648,0.3375,0.009,0.0405
15.93442,0.3765,0.0225,0.018
15.944192,0.3345,0.0105,0.033
15.953964,0.381,0.0195,0.015
15.963736,0.339,0.0075,0.024
15.973508,0.363,0.0135,0.021
15.98328,0.3315,0.0015,0.012
15.993052,0.3675,0.0225,0.0225
16.002824,0.339,-0.0075,0.015
16.012596,0.375,0.0285,0.0285
16.022368,0.336,-0.0015,0.009
16.03214,0.3765,0.021,0.033
16.041913,0.333,-0.009,0.006
16.051685,0.372,0.0165,0.0375
16.061457,0.3405,-0.003,0.0045
16.071229,0.3705,0.0285,0.036
16.081001,0.3495,0.0,0.0015
16.090773,0.36,0.03,0.039
16.100545,0.345,-0.006,-0.0015
16.110317,0.3495,0.021,0.048
16.120089,0.354,-0.0105,0.003
16.129861,0.3585,0.024,0.0495
16.139633,0.3525,-0.0075,-0.006
16.149405,0.3525,0.03,0.048
16.159177,0.3525,-0.006,-0.0105
16.168949,0.3465,0.0255,0.0525
16.178721,0.357,0.0015,-0.012
16.188493,0.3405,0.015,0.051
16.198265,0.366,0.003,-0.009
16.208037,0.345,0.018,0.051
16.217809,0.363,0.0045,-0.006
16.227582,0.339,0.015,0.0465
16.237354,0.3735,0.0045,-0.012
16.247126,0.339,0.0195,0.042
16.256898,0.3705,0.0045,-0.003
16.26667,0.3315,0.018,0.048
16.276442,0.3705,0.0045,-0.003
16.286214,0.339,0.012,0.0495
16.295986,0.372,0.0105,0.0
16.305758,0.3315,0.003,0.042
16.31553,0.378,0.009,0.003
16.325302,0.336,0.009,0.036
16.335074,0.369,0.0105,0.0105
16.344846,0.33,0.009,0.0285
16.354618,0.366,0.0255,0.009
16.36439,0.3375,0.0045,0.03
16.374162,0.3825,0.0195,0.009
16.383934,0.333,-0.009,0.027
16.393706,0.378,0.0255,0.018
16.403478,0.333,0.003,0.0135
16.41325,0.372,0.018,0.018
16.423023,0.333,0.0015,0.018
16.432795,0.372,0.027,0.021
16.442567,0.3345,-0.009,0.0135
16.452339,0.369,0.03,0.0165
16.462111,0.333,-0.003,0.006
16.471883,0.3765,0.027,0.039
16.481655,0.3375,-0.006,0.0
16.491427,0.381,0.0285,0.027
16.501199,0.3345,-0.0015,0.0
16.510971,0.3675,0.0345,0.0315
16.520743,0.3435,-0.006,0.0
16.530515,0.36,0.0345,0.0405
16.540287,0.3465,-0.006,-0.009
16.550059,0.354,0.0315,0.042
16.559831,0.3465,-0.003,-0.0015
16.569603,0.3615,0.027,0.042
16.579375,0.3525,-0.0015,-0.009
16.589147,0.354,0.021,0.0465
16.598919,0.3465,0.0015,-0.006
16.608692,0.351,0.024,0.0495
16.618464,0.369,0.006,-0.0075
16.628236,0.342,0.024,0.0465
16.638008,0.357,0.0,-0.012
16.64778,0.342,0.021,0.045
16.657552,0.3615,0.009,-0.006
16.667324,0.342,0.0195,0.054
16.677096,0.372,-0.0075,-0.0105
16.686868,0.336,0.0165,0.039
16.69664,0.3705,0.006,-0.0045
16.706412,0.3285,0.0165,0.045
16.716184,0.3615,0.0165,-0.003
16.725956,0.3405,0.0135,0.0435
16.735728,0.3735,0.0135,-0.0045
16.7455,0.336,0.012,0.03
16.755272,0.3675,0.0135,0.0075
16.765044,0.3345,0.006,0.0345
16.774814,0.3795,0.012,0.012
16.784584,0.3345,-0.0015,0.03
16.794354,0.3765,0.0195,0.0015
16.804124,0.3285,0.009,0.024
16.813894,0.366,0.024,0.012
16.823664,0.336,-0.0045,0.0225
16.833434,0.3735,0.021,0.018
16.843204,0.3345,0.015,0.0195
16.852973,0.375,0.03,0.027
16.862743,0.333,0.0,0.0195
16.872513,0.3705,0.027,0.0255
16.882283,0.327,-0.006,0.0135
16.892053,0.378,0.0285,0.033
16.901823,0.33,-0.006,0.0045
16.911593,0.3765,0.0285,0.033
16.921363,0.336,-0.0075,0.006
16.931133,0.3675,0.024,0.033
16.940902,0.333,-0.0045,-0.003
16.950672,0.3675,0.024,0.0435
16.960442,0.3435,-0.0015,0.0
16.970212,0.366,0.033,0.0405
16.979982,0.345,-0.0075,-0.0045
16.989752,0.3555,0.03,0.0405
16.999522,0.348,-0.006,-0.012
17.009292,0.3585,0.0225,0.0465
17.019062,0.351,-0.0045,-0.0135
17.028832,0.3555,0.0285,0.0495
17.038601,0.357,0.006,-0.0105
17.048371,0.351,0.0285,0.0435
17.058141,0.357,-0.006,-0.015
17.067911,0.345,0.021,0.048
17.077681,0.3555,0.0075,-0.015
17.087451,0.3465,0.024,0.048
17.097221,0.3615,-0.003,-0.009
17.106991,0.348,0.015,0.0435
17.116761,0.363,0.0045,-0.003
17.12653,0.3435,0.0075,0.051
17.1363,0.3645,0.009,-0.0075
17.14607,0.336,0.015,0.042
17.15584,0.363,0.0075,-0.0015
17.16561,0.3465,0.0135,0.0405
17.17538,0.3705,0.0165,-0.006
17.18515,0.3345,0.012,0.039
17.19492,0.372,0.0165,0.0
17.20469,0.33,0.0135,0.0285
17.21446,0.3735,0.0255,0.003
17.224229,0.33,-0.0015,0.0345
17.233999,0.369,0.03,0.0015
17.243769,0.339,0.0,0.0315
17.253539,0.369,0.015,0.0105
17.263309,0.333,-0.0075,0.0225
17.273079,0.372,0.0195,0.018
17.282849,0.3315,-0.0015,0.0195
17.292619,0.3735,0.0315,0.0255
17.302389,0.3315,0.0,0.021
17.312158,0.372,0.0285,0.027
17.321928,0.336,-0.006,0.012
17.331698,0.375,0.027,0.033
17.341468,0.3285,-0.009,0.015
17.351238,0.3765,0.0285,0.0405
17.361008,0.3315,-0.003,0.012
17.370778,0.369,0.0285,0.0345
17.380548,0.3435,-0.0015,0.0075
17.390318,0.3525,0.0345,0.036
17.400088,0.3435,-0.0015,-0.0075
17.409857,0.3615,0.03,0.0495
17.419627,0.3465,-0.0015,-0.0045
17.429397,0.363,0.0285,0.0375
17.439167,0.3465,0.003,0.0
17.448937,0.363,0.024,0.042
17.458707,0.3495,-0.0075,-0.003
17.468477,0.354,0.018,0.0495
17.478247,0.357,0.0045,-0.015
17.488017,0.3555,0.024,0.0495
17.497787,0.357,-0.009,-0.012
17.507556,0.351,0.018,0.0525
17.517326,0.3645,0.0045,-0.0135
17.527096,0.336,0.0165,0.0525
17.536866,0.363,0.0075,-0.006
17.546636,0.3495,0.0195,0.0465
17.556406,0.363,0.0045,-0.012
17.566176,0.342,0.012,0.042
17.575946,0.372,0.006,-0.009
17.585716,0.3315,0.009,0.0405
17.595485,0.3735,0.0075,-0.009
17.605255,0.339,0.0075,0.042
17.615025,0.372,0.009,-0.006
17.624795,0.339,0.0015,0.0375
17.634565,0.3705,0.015,0.0
17.644335,0.3345,0.003,0.033
17.654105,0.3795,0.015,0.0075
17.663875,0.3285,0.006,0.0315
17.673645,0.372,0.0135,0.012
17.683415,0.336,0.0015,0.03
17.693184,0.3795,0.0195,0.009
17.702954,0.3345,0.0,0.024
17.712724,0.375,0.0255,0.0195
17.722494,0.33,0.003,0.027
17.732264,0.369,0.03,0.03
17.742034,0.3285,0.003,0.015
17.751803,0.375,0.027,0.033
17.761571,0.3375,0.0045,0.0135
17.77134,0.3795,0.024,0.0285
17.781109,0.339,0.0,0.0075
17.790878,0.3735,0.024,0.033
17.800646,0.3345,-0.0015,0.006
17.810415,0.369,0.0225,0.033
17.820184,0.336,-0.0045,0.003
17.829953,0.366,0.0315,0.0285
17.839721,0.342,-0.009,-0.009
17.84949,0.3555,0.03,0.039
17.859259,0.3525,-0.006,-0.0015
17.869027,0.366,0.0255,0.048
17.878796,0.3555,-0.006,-0.0135
17.888565,0.3555,0.0255,0.042
17.898334,0.3525,-0.0045,0.003
17.908102,0.354,0.033,0.051
17.917871,0.357,-0.0045,-0.0075
17.92764,0.3495,0.0225,0.0495
17.937409,0.3585,0.0045,-0.0135
17.947177,0.3465,0.0225,0.045
17.956946,0.366,0.0045,-0.015
17.966715,0.3495,0.018,0.048
17.976484,0.3615,0.003,-0.0075
17.986252,0.339,0.0105,0.048
17.996021,0.357,0.0105,-0.0075
18.00579,0.336,0.015,0.0525
18.015559,0.369,0.009,-0.012
18.025327,0.336,0.009,0.045
18.035096,0.372,0.021,0.0
18.044865,0.339,0.0075,0.042
18.054634,0.3675,0.012,-0.0015
18.064402,0.33,0.0105,0.0375
18.074171,0.381,0.015,0.009
18.08394,0.3345,0.0045,0.033
18.093708,0.3735,0.0165,0.0015
18.103477,0.3315,0.0015,0.0315
18.113246,0.366,0.0195,0.012
18.123015,0.3255,0.0,0.0255
18.132783,0.366,0.0225,0.0165
18.142552,0.3285,0.0,0.024
18.152321,0.3765,0.0315,0.0225
18.16209,0.3255,-0.0075,0.0225
18.171858,0.3765,0.03,0.0195
18.181627,0.33,-0.006,0.0195
18.191396,0.3795,0.027,0.0255
18.201165,0.33,-0.012,0.0105
18.210933,0.378,0.024,0.033
18.220702,0.3315,0.0,-0.0045
18.230471,0.3765,0.027,0.039
18.24024,0.345,-0.0015,0.0045
18.250008,0.366,0.036,0.036
18.259777,0.3435,-0.012,0.0015
18.269546,0.3615,0.0345,0.0405
18.279314,0.348,-0.0045,-0.0015
18.289083,0.3615,0.0255,0.042
18.298852,0.348,-0.0105,-0.0105
18.308621,0.357,0.0255,0.0495
18.318389,0.3525,0.0,-0.0045
18.328158,0.354,0.0315,0.042
18.337927,0.345,0.0,-0.0075
18.347696,0.36,0.0255,0.0555
18.357464,0.363,0.0,-0.0135
18.367233,0.351,0.021,0.048
18.377002,0.3585,0.0,-0.0135
18.386771,0.348,0.018,0.0525
18.396539,0.3645,0.003,-0.006
18.406308,0.345,0.018,0.048
18.416077,0.366,0.009,-0.018
18.425846,0.3435,0.015,0.0495
18.435614,0.366,0.009,-0.009
18.445383,0.336,0.0165,0.045
18.455152,0.366,0.0105,-0.0075
18.46492,0.3405,0.0135,0.042
18.474689,0.378,0.021,0.0015
18.484458,0.336,0.0075,0.0375
18.494227,0.3765,0.0165,0.0
18.503995,0.333,0.012,0.0345
18.513764,0.3795,0.024,0.006
18.523533,0.333,0.003,0.03
18.533302,0.378,0.0225,0.0075
18.54307,0.3315,0.0075,0.036
18.552839,0.36,0.018,0.009
18.562608,0.33,-0.0075,0.027
18.572377,0.381,0.015,0.0135
18.582145,0.3375,0.0015,0.018
18.591914,0.381,0.027,0.021
18.601683,0.333,-0.0015,0.006
18.611452,0.3735,0.027,0.021
18.62122,0.3315,-0.003,0.0075
18.630989,0.3675,0.0315,0.0315
18.640758,0.3285,-0.0045,0.0075
18.650527,0.363,0.033,0.03
18.660295,0.3315,0.0045,-0.0015
18.670064,0.3645,0.0375,0.0345
18.679833,0.348,-0.0135,0.0
18.689601,0.366,0.021,0.0375
18.69937,0.339,-0.0075,0.012
18.709139,0.3615,0.0285,0.0465
18.718908,0.3525,-0.0045,-0.003
18.728678,0.357,0.0285,0.0405
18.738448,0.348,-0.006,-0.0105
18.748218,0.354,0.0165,0.0495
18.757988,0.345,0.0015,-0.0075
18.767758,0.363,0.0225,0.0495
18.777528,0.3555,0.006,-0.015
18.787298,0.3585,0.021,0.0495
18.797068,0.3585,0.003,-0.0105
18.806838,0.351,0.0255,0.0495
18.816608,0.3555,0.0045,-0.0105
18.826378,0.3435,0.0195,0.0495
18.836148,0.369,0.0,-0.012
18.845918,0.342,0.012,0.042
18.855688,0.3675,0.006,-0.006
18.865458,0.342,0.0165,0.054
18.875228,0.366,-0.003,-0.0105
18.884998,0.3315,0.015,0.0435
18.894768,0.363,0.015,-0.006
18.904539,0.3315,0.0165,0.0495
18.914309,0.378,0.012,-0.003
18.924079,0.3375,0.0165,0.0345
18.933849,0.3705,0.0165,0.0
18.943619,0.3345,0.009,0.0345
18.953389,0.378,0.018,-0.0045
18.963159,0.336,0.0045,0.033
18.972929,0.378,0.0255,0.0075
18.982699,0.339,0.006,0.0225
18.992469,0.3735,0.0225,0.018
19.002239,0.33,0.0045,0.024
19.012009,0.378,0.018,0.0075
19.021779,0.333,-0.0045,0.021
19.031549,0.3795,0.03,0.024
19.041319,0.336,0.003,0.0165
19.051089,0.381,0.0225,0.0255
19.060859,0.3255,-0.006,0.0075
19.070629,0.375,0.024,0.0315
19.080399,0.33,-0.0135,0.006
19.090169,0.369,0.024,0.027
19.099939,0.342,-0.006,-0.0015
19.109709,0.3675,0.0255,0.03
19.119479,0.3495,-0.006,0.0015
19.12925,0.3675,0.0315,0.033
19.13902,0.345,0.0,-0.009
19.14879,0.3675,0.0285,0.042
19.15856,0.3465,-0.0105,-0.0105
19.16833,0.3675,0.03,0.039
19.1781,0.354,-0.0015,-0.0105
19.18787,0.3555,0.0255,0.039
19.19764,0.348,-0.003,-0.009
19.20741,0.351,0.0255,0.045
19.21718,0.3555,0.0,-0.012
19.22695,0.3525,0.0255,0.045
19.23672,0.36,0.0015,-0.015
19.24649,0.3435,0.033,0.0585
19.25626,0.36,0.003,-0.0165
19.26603,0.3375,0.018,0.048
19.2758,0.366,0.0075,-0.003
19.28557,0.3375,0.018,0.0465
19.29534,0.369,0.006,-0.009
19.30511,0.3405,0.015,0.042
19.31488,0.3705,0.0075,-0.0075
19.32465,0.339,0.015,0.045
19.33442,0.3705,0.0075,-0.003
19.34419,0.3315,0.009,0.045
19.353961,0.372,0.012,0.0015
19.363731,0.3345,0.0135,0.0375
19.373501,0.3735,0.021,0.0045
19.383271,0.333,-0.0015,0.033
19.393041,0.3735,0.0165,0.0105
19.402811,0.3285,0.0015,0.0255
19.412581,0.372,0.0195,0.006
19.422351,0.3285,0.0,0.0255
19.432121,0.375,0.024,0.018
19.441891,0.3315,-0.0015,0.024
19.451661,0.3765,0.0285,0.0195
19.461431,0.339,-0.0075,0.0195
19.471201,0.375,0.0165,0.0255
19.480971,0.327,-0.0015,0.015
19.490741,0.3705,0.024,0.024
19.500511,0.333,-0.0105,0.0045
19.510281,0.3735,0.033,0.0285
19.520051,0.3405,-0.0105,0.0045
19.529821,0.3705,0.0225,0.0285
19.539591,0.336,-0.0075,-0.003
19.549361,0.3675,0.0255,0.0315
19.559131,0.3375,-0.0045,-0.0015
19.568901,0.363,0.0255,0.0405
19.578672,0.348,-0.012,0.0015
19.588442,0.363,0.024,0.039
19.598212,0.348,-0.009,0.0045
19.607982,0.357,0.027,0.0495
19.617752,0.3525,0.0,-0.009
19.627522,0.36,0.027,0.0375
19.637292,0.3495,0.006,-0.0075
19.647062,0.3555,0.0255,0.0495
19.656832,0.3555,0.0,-0.0135
19.666602,0.3585,0.021,0.0465
19.676372,0.357,-0.003,-0.0165
19.686142,0.351,0.027,0.042
19.695912,0.3675,0.0015,-0.009
19.70568,0.3435,0.0165,0.045
19.715449,0.3585,-0.003,-0.015
19.725217,0.339,0.0165,0.042
19.734986,0.366,0.015,-0.006
19.744754,0.342,0.015,0.045
19.754522,0.369,0.009,-0.003
19.764291,0.3375,0.012,0.048
19.774059,0.3765,0.0135,0.0
19.783827,0.339,0.0165,0.042
19.793596,0.3765,0.015,0.0045
19.803364,0.333,0.0,0.033
19.813132,0.3735,0.0105,0.003
19.822901,0.33,0.0075,0.03
19.832669,0.378,0.021,0.006
19.842438,0.3375,-0.0015,0.0345
19.852206,0.3675,0.0345,0.012
19.861974,0.3255,0.0135,0.0285
19.871743,0.378,0.0225,0.024
19.881511,0.3315,-0.0015,0.024
19.891279,0.375,0.03,0.024
19.901048,0.3345,0.0015,0.018
19.910816,0.3795,0.0255,0.018
19.920585,0.336,-0.009,0.0105
19.930353,0.3765,0.027,0.03
19.940121,0.333,-0.006,0.0105
19.94989,0.3645,0.0285,0.027
19.959658,0.336,-0.0045,0.006
19.969426,0.372,0.036,0.027
19.979195,0.342,0.0,0.003
19.988963,0.363,0.027,0.033
19.998732,0.3315,-0.006,0.0
20.0085,0.36,0.024,0.0345
20.018268,0.3555,-0.0045,-0.003
20.028037,0.3615,0.0345,0.042
20.037805,0.354,-0.0015,-0.0045
20.047573,0.3495,0.0285,0.0495
20.057342,0.3555,-0.0105,-0.0075
20.06711,0.3525,0.021,0.0465
20.076879,0.3525,-0.0075,-0.0135
20.086647,0.3525,0.0135,0.051
20.096415,0.3555,-0.003,-0.009
20.106184,0.3495,0.021,0.048
20.115952,0.357,-0.0075,-0.015
20.12572,0.3495,0.018,0.054
20.135489,0.354,0.0015,-0.009
20.145257,0.3435,0.0135,0.048
20.155026,0.372,0.0045,-0.0075
20.164794,0.351,0.015,0.045
20.174562,0.3615,0.0105,-0.0075
20.184331,0.342,0.009,0.048
20.194099,0.372,0.012,-0.0045
20.203867,0.33,0.009,0.0435
20.213636,0.369,0.0105,-0.0045
20.223404,0.3285,0.0135,0.042
20.233173,0.369,0.006,-0.003
20.242941,0.327,0.0075,0.0375
20.252709,0.3765,0.015,0.003
20.262478,0.327,-0.0015,0.033
20.272246,0.3735,0.0225,0.0075
20.282014,0.333,-0.003,0.033
20.291783,0.3795,0.024,0.018
20.301551,0.3315,0.0015,0.027
20.311319,0.3735,0.0165,0.015
20.321088,0.3315,-0.0045,0.024
20.330856,0.375,0.0195,0.0165
20.340625,0.3225,0.0,0.0165
20.350393,0.3825,0.021,0.024
20.360161,0.3285,-0.006,0.0105
20.36993,0.3765,0.0285,0.0285
20.379698,0.339,-0.0015,0.0135
20.389466,0.372,0.021,0.0345
20.399235,0.342,-0.0045,0.0105
20.409003,0.3675,0.0165,0.0375
20.418772,0.345,0.0015,0.0
20.42854,0.369,0.0285,0.0345
20.438308,0.3405,-0.006,-0.003
20.448077,0.3585,0.0315,0.0405
20.457845,0.348,-0.003,-0.003
20.467613,0.351,0.0255,0.036
20.477382,0.3525,-0.006,-0.012
20.48715,0.3585,0.024,0.051
20.496919,0.3465,-0.012,-0.0105
20.506687,0.348,0.021,0.0525
20.516455,0.354,-0.0075,-0.0075
20.526224,0.357,0.0225,0.0465
20.535992,0.354,-0.003,-0.009
20.54576,0.351,0.021,0.051
20.555529,0.3645,0.006,-0.0105
20.565297,0.3405,0.009,0.042
20.575066,0.3615,0.009,-0.0075
20.584834,0.3495,0.012,0.0495
20.594602,0.3645,-0.0015,-0.0045
20.604371,0.351,0.018,0.042
20.614139,0.369,0.0045,-0.0015
20.623907,0.339,0.0105,0.048
20.633676,0.366,0.012,-0.003
20.643444,0.33,0.0075,0.036
20.653213,0.363,0.012,-0.0045
20.662981,0.3405,0.0165,0.0315
20.672749,0.372,0.0105,0.0
20.682519,0.327,0.006,0.036
20.692289,0.375,0.0195,0.0
20.702059,0.33,-0.003,0.039
20.711829,0.3795,0.018,0.0105
20.721599,0.3285,-0.003,0.0315
20.731369,0.3765,0.024,0.012
20.741138,0.3405,0.003,0.024
20.750908,0.3795,0.0225,0.018
20.760678,0.327,-0.0015,0.018
20.770448,0.3795,0.018,0.0195
20.780218,0.333,0.003,0.0105
20.789988,0.3765,0.0195,0.027
20.799758,0.339,-0.009,0.012
20.809528,0.369,0.0225,0.03
20.819298,0.3375,-0.006,0.0075
20.829067,0.3765,0.0285,0.033
20.838837,0.339,-0.0015,0.0105
20.848607,0.369,0.0255,0.0375
20.858377,0.339,0.0,0.003
20.868147,0.366,0.0285,0.036
20.877917,0.345,-0.0045,-0.0015
20.887687,0.3615,0.0225,0.039
20.897457,0.3375,-0.0075,-0.006
20.907226,0.3525,0.021,0.0435
20.916996,0.3465,0.0,0.0015
20.926766,0.3585,0.03,0.0405
20.936536,0.345,-0.012,-0.0135
20.946306,0.3525,0.0315,0.0495
20.956076,0.3585,0.0,-0.009
20.965846,0.354,0.018,0.0465
20.975616,0.3615,0.0,-0.015
20.985386,0.357,0.018,0.048
20.995155,0.3555,-0.0015,-0.0135
21.004925,0.345,0.0195,0.054
21.014695,0.3615,-0.0045,-0.0045
21.024465,0.339,0.012,0.0435
21.034235,0.3615,0.0045,-0.0075
21.044005,0.3405,0.0195,0.0495
21.053775,0.3765,0.003,-0.006
21.063545,0.339,0.0075,0.0465
21.073314,0.3675,0.009,-0.0075
21.083084,0.33,0.0165,0.045
21.092854,0.366,0.0105,0.0
21.102624,0.336,0.006,0.0375
21.112394,0.372,0.0165,-0.003
21.122164,0.3345,0.0045,0.0345
21.131934,0.3825,0.0135,0.003
21.141704,0.333,0.009,0.0195
21.151474,0.378,0.0195,0.006
21.161243,0.3375,0.006,0.0255
21.171013,0.372,0.027,0.0135
21.180783,0.3345,0.0045,0.024
21.190553,0.3675,0.0225,0.015
21.200323,0.327,0.0,0.021
21.210093,0.3885,0.0285,0.024
21.219863,0.327,0.0,0.0105
21.229633,0.375,0.024,0.024
21.239403,0.333,-0.0075,0.0105
21.249172,0.3675,0.0225,0.0315
21.258942,0.336,-0.0045,0.012
21.268712,0.369,0.027,0.0315
21.278482,0.3405,-0.006,0.0075
21.288252,0.375,0.027,0.0375
21.298022,0.336,-0.0075,0.0
21.307792,0.366,0.0255,0.0345
21.317562,0.342,0.003,0.0
21.327331,0.3645,0.024,0.042
21.337101,0.351,-0.0045,-0.0015
21.346871,0.3585,0.027,0.0465
21.356641,0.3495,-0.0015,-0.0135
21.366411,0.3465,0.027,0.048
21.376181,0.3555,0.0015,-0.006
21.385951,0.351,0.018,0.048
21.395721,0.3525,-0.009,-0.012
21.405491,0.3465,0.027,0.0525
21.41526,0.354,0.0045,-0.0105
21.42503,0.3465,0.0135,0.0495
21.4348,0.3555,0.0045,-0.0105
21.44457,0.3465,0.0225,0.051
21.45434,0.369,-0.0015,-0.0135
21.46411,0.3375,0.009,0.0465
21.47388,0.366,0.0045,-0.012
21.48365,0.345,0.015,0.0465
21.493419,0.378,0.009,-0.006
21.503189,0.339,0.0015,0.0375
21.512959,0.372,0.0075,-0.0045
21.522729,0.336,0.0075,0.045
21.532499,0.369,0.009,0.0075
21.542269,0.3405,0.009,0.03
21.552039,0.372,0.0135,0.0075
21.561809,0.3315,0.003,0.039
21.571579,0.3795,0.0195,0.0105
21.581348,0.333,0.006,0.0285
21.591118,0.375,0.018,0.003
21.600888,0.3345,0.0015,0.0345
21.610658,0.3735,0.027,0.0165
21.620428,0.3315,0.009,0.0135
21.630198,0.3825,0.0225,0.0165
21.639968,0.324,-0.003,0.0225
21.649738,0.375,0.0255,0.021
21.659507,0.3375,-0.012,0.018
21.669276,0.372,0.024,0.024
21.679045,0.3405,-0.0045,0.009
21.688815,0.369,0.018,0.027
21.698584,0.3315,0.0,0.006
21.708353,0.3645,0.024,0.0345
21.718123,0.339,-0.003,0.006
21.727892,0.3645,0.0315,0.036
21.737661,0.3435,0.0015,0.0
21.74743,0.3615,0.0255,0.042
21.7572,0.3405,-0.0045,0.0015
21.766969,0.36,0.0285,0.039
21.776738,0.3495,-0.0135,-0.012
21.786508,0.36,0.03,0.0435
21.796277,0.3495,-0.0045,-0.0045
21.806046,0.348,0.0225,0.0465
21.815815,0.354,-0.0075,-0.0135
21.825585,0.3585,0.024,0.048
21.835354,0.3585,-0.0015,0.0015
21.845123,0.345,0.027,0.0495
21.854893,0.3645,0.003,-0.0105
21.864662,0.351,0.0195,0.048
21.874431,0.3585,0.009,-0.012
21.8842,0.3465,0.018,0.0525
21.89397,0.3675,0.0,-0.0105
21.903739,0.345,0.0165,0.048
21.913508,0.3675,0.0135,0.0
21.923278,0.345,0.0105,0.0495
21.933047,0.3735,0.0135,-0.0075
21.942816,0.3345,0.015,0.042
21.952585,0.3705,0.0165,0.0
21.962355,0.3405,0.0135,0.036
21.972124,0.3765,0.0165,0.0
21.981893,0.3285,-0.003,0.033
21.991662,0.3705,0.018,0.0045
22.001432,0.339,-0.0015,0.033
22.011201,0.372,0.012,0.0045
22.02097,0.3315,0.0,0.024
22.03074,0.3795,0.0255,0.0075
22.040509,0.321,-0.0045,0.0285
22.050278,0.3765,0.0165,0.012
22.060047,0.3315,0.0015,0.018
22.069817,0.3795,0.03,0.0165
22.079586,0.327,-0.0015,0.021
22.089355,0.375,0.0225,0.018
22.099125,0.3345,-0.0075,0.0165
22.108894,0.3735,0.0285,0.0225
22.118663,0.339,-0.009,0.0015
22.128432,0.3705,0.0285,0.0225
22.138202,0.336,0.003,0.0015
22.147971,0.369,0.027,0.0285
22.15774,0.339,-0.0075,0.003
22.16751,0.369,0.027,0.033
22.177279,0.3465,-0.009,-0.003
22.187048,0.3585,0.0255,0.0405
22.196817,0.339,0.0,-0.0015
22.206587,0.3645,0.0255,0.0435
22.216356,0.351,-0.0045,-0.003
22.226125,0.3465,0.0315,0.048
22.235895,0.3525,-0.0105,-0.009
22.245664,0.351,0.027,0.054
22.255433,0.3405,-0.0015,-0.003
22.265202,0.3495,0.0225,0.042
22.274972,0.357,0.0045,-0.0105
22.284741,0.3525,0.03,0.048
22.29451,0.3615,-0.006,-0.0075
22.30428,0.342,0.027,0.0525
22.314049,0.363,0.012,-0.0015
22.323818,0.345,0.0225,0.0465
22.333587,0.3585,0.0,-0.0105
22.343357,0.3405,0.021,0.0435
22.353126,0.372,0.0075,-0.0015
22.362895,0.33,0.009,0.051
22.372664,0.372,0.0135,-0.0105
22.382434,0.333,0.012,0.042
22.392203,0.3675,0.0165,-0.003
22.401972,0.3285,0.006,0.03
22.411742,0.372,0.006,-0.0045
22.421511,0.3345,0.012,0.0375
22.43128,0.372,0.0135,0.0
22.441049,0.3315,0.0015,0.036
22.450819,0.3825,0.0075,0.0015
22.460588,0.3285,0.0015,0.027
22.470357,0.3735,0.018,0.003
22.480127,0.3255,-0.0015,0.0285
22.489896,0.387,0.0225,0.0165
22.499665,0.3225,-0.003,0.021
22.509434,0.3705,0.0315,0.0135
22.519204,0.3345,-0.0015,0.0105
22.528973,0.3765,0.027,0.0165
22.538742,0.3375,-0.003,0.006
22.548512,0.369,0.0255,0.0315
22.558281,0.339,-0.0015,0.009
22.56805,0.366,0.0285,0.0315
22.577819,0.339,-0.006,0.0075
22.587589,0.366,0.0345,0.0315
22.597358,0.3345,-0.009,0.0
22.607127,0.366,0.027,0.0345
22.616897,0.345,-0.0045,-0.0075
22.626666,0.3585,0.0255,0.0315
22.636435,0.351,-0.0015,-0.006
22.646205,0.3525,0.0315,0.033
22.655974,0.3435,0.0,-0.0015
22.665744,0.3645,0.027,0.0405
22.675513,0.345,0.0,-0.0075
22.685283,0.3525,0.0285,0.045
22.695052,0.351,-0.0045,-0.012
22.704822,0.357,0.0225,0.042
22.714591,0.3585,-0.0015,-0.0045
22.724361,0.3495,0.0255,0.048
22.73413,0.3585,0.0045,-0.0165
22.743899,0.345,0.015,0.045
22.753669,0.363,0.0045,-0.0045
22.763438,0.3465,0.018,0.051
22.773208,0.3645,0.006,-0.0105
22.782977,0.348,0.0195,0.051
22.792747,0.372,0.012,-0.0135
22.802516,0.3435,0.0195,0.042
22.812286,0.36,0.006,0.0
22.822055,0.3315,0.0165,0.042
22.831825,0.378,0.012,0.0015
22.841594,0.327,0.0045,0.045
22.851364,0.375,0.015,0.0
22.861133,0.3375,0.009,0.036
22.870903,0.366,0.0255,0.006
22.880672,0.3315,0.003,0.0315
22.890442,0.369,0.018,0.0
22.900211,0.3315,0.0045,0.0285
22.909981,0.375,0.024,0.015
22.91975,0.3255,0.0,0.024
22.929519,0.3945,0.0225,0.0135
22.939289,0.327,0.0,0.024
22.949058,0.372,0.0225,0.012
22.958828,0.3285,-0.0075,0.015
22.968597,0.3765,0.0225,0.018
22.978367,0.3375,-0.009,0.0075
22.988136,0.3705,0.0285,0.0315
22.997906,0.336,-0.0075,0.0105
23.007675,0.366,0.027,0.0285
23.017445,0.3345,-0.003,0.0045
23.027214,0.375,0.0255,0.0345
23.036984,0.339,0.006,0.0045
23.046753,0.369,0.0345,0.042
23.056523,0.339,-0.009,-0.0015
23.066292,0.3615,0.021,0.042
23.076062,0.36,-0.003,-0.0105
23.085831,0.369,0.0285,0.039
23.0956,0.3555,-0.0045,-0.012
23.10537,0.3525,0.0225,0.045
23.115139,0.3525,0.0,-0.015
23.124909,0.3525,0.015,0.0495
23.134678,0.3555,-0.006,-0.009
23.144448,0.348,0.021,0.0465
23.154217,0.3525,-0.0015,-0.006
23.163987,0.348,0.0165,0.042
23.173756,0.357,0.0075,-0.0045
23.183526,0.3435,0.0135,0.0525
23.193295,0.36,0.0015,-0.012
23.203065,0.3405,0.0165,0.048
23.212834,0.3675,0.0,-0.0015
23.222604,0.333,0.0135,0.0465
23.232373,0.3645,0.0105,-0.009
23.242143,0.3375,0.009,0.0405
23.251912,0.3705,0.012,-0.003
23.261681,0.3405,0.0075,0.033
23.271451,0.366,0.0165,0.0015
23.28122,0.33,0.012,0.033
23.29099,0.375,0.015,0.0
23.300759,0.327,0.0045,0.0375
23.310529,0.3705,0.0225,0.003
23.320298,0.333,0.003,0.0315
23.330068,0.378,0.0195,0.012
23.339837,0.327,0.0,0.0345
23.349607,0.381,0.0255,0.012
23.359376,0.327,-0.0015,0.021
23.369146,0.3825,0.0225,0.0225
23.378915,0.3225,-0.0075,0.0195
23.388685,0.369,0.027,0.0255
23.398454,0.339,0.003,0.015
23.408224,0.375,0.03,0.024
23.417993,0.342,-0.0015,0.009
23.427763,0.369,0.0345,0.0255
23.437532,0.3345,-0.0075,0.0045
23.447301,0.363,0.03,0.0255
23.457071,0.342,-0.0045,0.003
23.46684,0.363,0.024,0.0315
23.47661,0.3405,-0.006,0.0
23.486379,0.3705,0.0255,0.042
23.496149,0.345,-0.0075,-0.003
23.505918,0.3675,0.0285,0.0405
23.515688,0.348,-0.009,-0.003
23.525457,0.3675,0.0255,0.0435
23.535227,0.3585,-0.0045,-0.006
23.544996,0.351,0.0195,0.042
23.554766,0.351,0.0,-0.009
23.564535,0.345,0.033,0.051
23.574305,0.354,-0.009,-0.0165
23.584074,0.3435,0.0225,0.0435
23.593844,0.3615,-0.0015,-0.0075
23.603613,0.3465,0.015,0.0465
23.613382,0.3555,0.0,-0.015
23.62315,0.3405,0.0225,0.045
23.632919,0.3705,0.015,-0.0075
23.642687,0.3435,0.012,0.0525
23.652456,0.3645,0.006,-0.0105
23.662224,0.3405,0.012,0.045
23.671993,0.3705,0.009,-0.0075
23.681761,0.3255,0.0135,0.0465
23.69153,0.375,0.0075,-0.009
23.701298,0.3345,0.0075,0.036
23.711067,0.372,0.0105,0.003
23.720835,0.3255,0.0105,0.0285
23.730604,0.372,0.018,0.0105
23.740372,0.3285,0.0075,0.0375
23.750141,0.3825,0.015,0.006
23.759909,0.333,0.006,0.033
23.769678,0.375,0.021,0.012
23.779446,0.336,-0.0045,0.024
23.789215,0.3735,0.024,0.0165
23.798983,0.3285,0.003,0.021
23.808752,0.3765,0.015,0.021
23.81852,0.336,-0.0015,0.021
23.828289,0.366,0.027,0.0255
23.838057,0.3345,-0.009,0.0135
23.847826,0.3735,0.0255,0.0315
23.857594,0.3345,-0.0045,0.0135
23.867363,0.375,0.0285,0.033
23.877131,0.3435,-0.009,0.0
23.8869,0.372,0.0255,0.0375
23.896668,0.3405,-0.0015,0.0045
23.906437,0.366,0.021,0.039
23.916205,0.3375,-0.0015,0.006
23.925974,0.3645,0.0255,0.036
23.935742,0.345,-0.0075,-0.003
23.945511,0.3525,0.0285,0.039
23.95528,0.3495,-0.0135,0.0
23.965048,0.357,0.024,0.039
23.974817,0.345,-0.009,-0.012
23.984585,0.3525,0.0225,0.0465
23.994354,0.354,-0.0015,-0.0045
24.004122,0.348,0.024,0.045
24.013891,0.3645,-0.003,-0.012
24.023659,0.3495,0.021,0.0435
24.033428,0.3555,0.0015,-0.015
24.043196,0.348,0.0225,0.0465
24.052965,0.3645,0.0075,-0.0135
24.062733,0.3435,0.015,0.048
24.072502,0.3675,0.0045,-0.0075
24.08227,0.3405,0.015,0.042
24.092039,0.366,0.0045,-0.012
24.101807,0.339,0.0195,0.0435
24.111576,0.372,0.006,-0.006
24.121344,0.3345,0.0135,0.051
24.131113,0.366,0.012,0.0015
24.140881,0.336,0.0015,0.0465
24.15065,0.375,0.015,0.006
24.160418,0.3315,0.0105,0.027
24.170187,0.384,0.0165,0.0045
24.179955,0.3285,0.0015,0.03
24.189724,0.3765,0.021,0.0075
24.199492,0.33,0.0,0.0285
24.209261,0.381,0.03,0.0165
24.219029,0.3255,0.0,0.0255
24.228798,0.378,0.0255,0.0195
24.238566,0.3345,-0.0045,0.015
24.248335,0.372,0.027,0.018
24.258103,0.3315,-0.003,0.0195
24.267872,0.3735,0.033,0.0285
24.27764,0.3465,-0.0075,0.0075
24.287409,0.378,0.021,0.027
24.297177,0.336,-0.0075,0.009
24.306946,0.3765,0.0225,0.0345
24.316715,0.3375,-0.0105,0.0045
24.326483,0.369,0.0255,0.03
24.336252,0.333,0.0,0.003
24.34602,0.3615,0.033,0.0405
24.355789,0.348,0.0015,-0.0015
24.365557,0.3555,0.0255,0.0405
24.375326,0.3405,-0.006,-0.0045
24.385094,0.366,0.03,0.048
24.394863,0.357,-0.006,-0.015
24.404631,0.3525,0.0255,0.0525
24.4144,0.3615,0.0015,-0.0075
24.424168,0.3525,0.0255,0.045
24.433937,0.3585,0.0,-0.0105
24.443705,0.3495,0.024,0.0405
24.453474,0.357,0.0015,-0.0045
24.463242,0.3435,0.024,0.0435
24.473011,0.357,-0.003,-0.0075
24.482779,0.345,0.0165,0.036
24.492548,0.363,0.003,-0.0135
24.502316,0.342,0.009,0.042
24.512085,0.363,0.009,-0.0135
24.521853,0.345,0.012,0.0435
24.531622,0.372,0.0135,-0.009
24.54139,0.3375,0.0045,0.0435
24.551159,0.372,0.0135,-0.012
24.560927,0.3375,0.009,0.0315
24.570696,0.3675,0.015,-0.0015
24.580464,0.33,0.012,0.042
24.59023,0.378,0.009,0.0075
24.599996,0.327,0.009,0.027
24.609761,0.3765,0.021,0.0075
24.619527,0.324,0.003,0.0345
24.629292,0.3795,0.024,0.0075
24.639058,0.321,0.0,0.027
24.648824,0.381,0.027,0.012
24.658589,0.333,0.009,0.0255
24.668355,0.3765,0.0225,0.0195
24.67812,0.3315,0.003,0.021
24.687886,0.3855,0.0195,0.015
24.697652,0.3345,0.0,0.015
24.707417,0.3795,0.03,0.0285
24.717183,0.336,-0.0015,0.0075
24.726948,0.372,0.0255,0.0255
24.736714,0.336,-0.0045,0.006
24.74648,0.375,0.036,0.0375
24.756245,0.3435,-0.006,0.006
24.766011,0.3675,0.0225,0.033
24.775776,0.3375,0.0,-0.006
24.785542,0.363,0.03,0.039
24.795308,0.336,0.0045,-0.0015
24.805073,0.3615,0.036,0.036
24.814839,0.3525,-0.0105,-0.015
24.824604,0.354,0.0285,0.048
24.83437,0.3465,0.009,-0.015
24.844136,0.3525,0.027,0.0405
24.853901,0.354,-0.0015,-0.015
24.863667,0.357,0.024,0.0495
24.873432,0.363,0.0015,-0.012
24.883198,0.351,0.0255,0.0465
24.892964,0.3525,0.0,-0.021
24.902729,0.3435,0.018,0.048
24.912495,0.3645,0.0045,-0.0135
24.92226,0.3375,0.021,0.048
24.932026,0.366,0.006,-0.0045
24.941792,0.339,0.015,0.0405
24.951557,0.372,0.0075,-0.0135
24.961323,0.339,0.0165,0.0435
24.971088,0.3705,0.015,-0.003
24.980854,0.327,0.0075,0.0405
24.99062,0.3765,0.0135,-0.0045
